{
  "in_sample": {
    "total_return_%": 229.5793292729206,
    "max_drawdown_%": 18.11373465424136,
    "sharpe_ratio": 0.9843846288833294,
    "sortino_ratio": 0.1396985193712047,
    "calmar_ratio": 0.4903527400373975,
    "total_trades": 55,
    "win_rate_%": 81.81818181818183,
    "profit_factor": 11.645677805223395
  },
  "out_of_sample": {
    "total_return_%": 148.95636477627022,
    "max_drawdown_%": 1.990477468068479,
    "sharpe_ratio": 1.1297105496353164,
    "sortino_ratio": 1.383623287141623,
    "calmar_ratio": 8.058641484629007,
    "total_trades": 25,
    "win_rate_%": 76.0,
    "profit_factor": 18.756836510328785
  }
}