{
  "in_sample": {
    "total_return_%": 229.39945774602472,
    "max_drawdown_%": 18.11373465424136,
    "sharpe_ratio": 0.9842026577662053,
    "sortino_ratio": 0.13967696604652902,
    "calmar_ratio": 0.4902712501600935,
    "total_trades": 55,
    "win_rate_%": 81.81818181818183,
    "profit_factor": 11.637718458394001
  },
  "out_of_sample": {
    "total_return_%": 148.95636477627022,
    "max_drawdown_%": 1.990477468068479,
    "sharpe_ratio": 1.130084480599104,
    "sortino_ratio": 1.3845353657752035,
    "calmar_ratio": 8.06395370709745,
    "total_trades": 25,
    "win_rate_%": 76.0,
    "profit_factor": 18.756836510328785
  }
}