{
  "in_sample": {
    "total_return_%": 228.66197698727922,
    "max_drawdown_%": 18.29578617603224,
    "sharpe_ratio": 0.976748846290745,
    "sortino_ratio": 0.14408570091521605,
    "calmar_ratio": 0.48507361951775296,
    "total_trades": 55,
    "win_rate_%": 80.0,
    "profit_factor": 11.605084804584742
  },
  "out_of_sample": {
    "total_return_%": 148.95636477627022,
    "max_drawdown_%": 1.990477468068479,
    "sharpe_ratio": 1.130458783120539,
    "sortino_ratio": 1.385448647678749,
    "calmar_ratio": 8.069272937774956,
    "total_trades": 25,
    "win_rate_%": 76.0,
    "profit_factor": 18.756836510328785
  }
}