{
  "in_sample": {
    "total_return_%": 230.03138098448477,
    "max_drawdown_%": 18.03533920694792,
    "sharpe_ratio": 0.9882819254440288,
    "sortino_ratio": 0.14602091495682826,
    "calmar_ratio": 0.4926039046711275,
    "total_trades": 56,
    "win_rate_%": 80.35714285714286,
    "profit_factor": 11.674531208608617
  },
  "out_of_sample": {
    "total_return_%": 148.93526363973098,
    "max_drawdown_%": 1.990477468068479,
    "sharpe_ratio": 1.1292073392383066,
    "sortino_ratio": 1.3880334653133146,
    "calmar_ratio": 8.052658813603884,
    "total_trades": 25,
    "win_rate_%": 76.0,
    "profit_factor": 18.711298115941556
  }
}