{
  "in_sample": {
    "total_return_%": 231.9794899106845,
    "max_drawdown_%": 18.376865646382846,
    "sharpe_ratio": 0.8606567718553063,
    "sortino_ratio": 0.14311990920716905,
    "calmar_ratio": 0.4963970817709007,
    "total_trades": 53,
    "win_rate_%": 81.13207547169812,
    "profit_factor": 11.622853807184658
  },
  "out_of_sample": {
    "total_return_%": 145.66334632480618,
    "max_drawdown_%": 1.9900900347266837,
    "sharpe_ratio": 1.1207909644824583,
    "sortino_ratio": 1.4336437030931866,
    "calmar_ratio": 8.010286388480097,
    "total_trades": 26,
    "win_rate_%": 73.07692307692307,
    "profit_factor": 17.196091032030825
  }
}