{
  "in_sample": {
    "total_return_%": 233.21528742013857,
    "max_drawdown_%": 6.0589614794706455,
    "sharpe_ratio": 1.1685591124902641,
    "sortino_ratio": 0.2765415590021787,
    "calmar_ratio": 1.478810618431613,
    "total_trades": 49,
    "win_rate_%": 83.6734693877551,
    "profit_factor": 24.35895736198116
  },
  "out_of_sample": {
    "total_return_%": 157.21914994288264,
    "max_drawdown_%": 1.8781794555555966,
    "sharpe_ratio": 1.221687945608949,
    "sortino_ratio": 1.5197633250627662,
    "calmar_ratio": 8.913451197119146,
    "total_trades": 27,
    "win_rate_%": 77.77777777777779,
    "profit_factor": 20.411893305754155
  }
}