{
  "in_sample": {
    "total_return_%": 232.1558775068113,
    "max_drawdown_%": 17.57550339610868,
    "sharpe_ratio": 0.8663364992113832,
    "sortino_ratio": 0.1433525276285086,
    "calmar_ratio": 0.5196503395275948,
    "total_trades": 52,
    "win_rate_%": 80.76923076923077,
    "profit_factor": 12.053848071555858
  },
  "out_of_sample": {
    "total_return_%": 158.2292845880295,
    "max_drawdown_%": 1.8642462455783733,
    "sharpe_ratio": 1.2182698109659018,
    "sortino_ratio": 1.512558175847579,
    "calmar_ratio": 8.985184137221323,
    "total_trades": 27,
    "win_rate_%": 77.77777777777779,
    "profit_factor": 20.710580907412872
  }
}