{
  "in_sample": {
    "total_return_%": 232.32131498255927,
    "max_drawdown_%": 18.03533920694792,
    "sharpe_ratio": 0.8678311737218366,
    "sortino_ratio": 0.1497148894116546,
    "calmar_ratio": 0.505149094121578,
    "total_trades": 54,
    "win_rate_%": 79.62962962962963,
    "profit_factor": 11.758161121774652
  },
  "out_of_sample": {
    "total_return_%": 146.21133291463582,
    "max_drawdown_%": 1.9900900347266837,
    "sharpe_ratio": 1.1219987675597398,
    "sortino_ratio": 1.4338873982740474,
    "calmar_ratio": 8.013368685309583,
    "total_trades": 26,
    "win_rate_%": 73.07692307692307,
    "profit_factor": 17.254920700796788
  }
}