{
  "in_sample": {
    "total_return_%": 230.03138098448477,
    "max_drawdown_%": 18.03533920694792,
    "sharpe_ratio": 0.988002023425722,
    "sortino_ratio": 0.1459385103772815,
    "calmar_ratio": 0.4923259114969339,
    "total_trades": 56,
    "win_rate_%": 80.35714285714286,
    "profit_factor": 11.674531208608617
  },
  "out_of_sample": {
    "total_return_%": 148.95636477627022,
    "max_drawdown_%": 1.990477468068479,
    "sharpe_ratio": 1.1289637999248325,
    "sortino_ratio": 1.3818027301848577,
    "calmar_ratio": 8.048038008991336,
    "total_trades": 25,
    "win_rate_%": 76.0,
    "profit_factor": 18.756836510328785
  }
}