{
  "in_sample": {
    "total_return_%": 230.8621443381458,
    "max_drawdown_%": 18.024211619885133,
    "sharpe_ratio": 0.8759254740344492,
    "sortino_ratio": 0.14302233738189146,
    "calmar_ratio": 0.5018736130184723,
    "total_trades": 54,
    "win_rate_%": 81.48148148148148,
    "profit_factor": 11.693592563078392
  },
  "out_of_sample": {
    "total_return_%": 149.58764385172452,
    "max_drawdown_%": 1.990477468068479,
    "sharpe_ratio": 1.1338329180671185,
    "sortino_ratio": 1.3994664156936403,
    "calmar_ratio": 8.118650402918279,
    "total_trades": 25,
    "win_rate_%": 76.0,
    "profit_factor": 18.786358892441733
  }
}