{
  "in_sample": {
    "total_return_%": 231.4918026666486,
    "max_drawdown_%": 17.88567490388916,
    "sharpe_ratio": 0.8833127346884005,
    "sortino_ratio": 0.14436084640551486,
    "calmar_ratio": 0.5062787188314054,
    "total_trades": 55,
    "win_rate_%": 81.81818181818183,
    "profit_factor": 11.730305090627429
  },
  "out_of_sample": {
    "total_return_%": 147.16244479177715,
    "max_drawdown_%": 1.990477468068479,
    "sharpe_ratio": 1.1254907835396288,
    "sortino_ratio": 1.3859924225380744,
    "calmar_ratio": 8.033783661784632,
    "total_trades": 25,
    "win_rate_%": 76.0,
    "profit_factor": 18.507323260672806
  }
}