{
  "in_sample": {
    "total_return_%": 228.47121260791488,
    "max_drawdown_%": 18.32962693398414,
    "sharpe_ratio": 0.9751370878768771,
    "sortino_ratio": 0.14370671843725052,
    "calmar_ratio": 0.483862835836915,
    "total_trades": 55,
    "win_rate_%": 80.0,
    "profit_factor": 11.596643447109999
  },
  "out_of_sample": {
    "total_return_%": 148.95636477627022,
    "max_drawdown_%": 1.990477468068479,
    "sharpe_ratio": 1.130084480599104,
    "sortino_ratio": 1.3845353657752035,
    "calmar_ratio": 8.06395370709745,
    "total_trades": 25,
    "win_rate_%": 76.0,
    "profit_factor": 18.756836510328785
  }
}