{
  "in_sample": {
    "total_return_%": 232.52237157357695,
    "max_drawdown_%": 17.853842676272524,
    "sharpe_ratio": 0.8657615042429966,
    "sortino_ratio": 0.14408188314665069,
    "calmar_ratio": 0.5114695436713623,
    "total_trades": 53,
    "win_rate_%": 81.13207547169812,
    "profit_factor": 11.64662726198758
  },
  "out_of_sample": {
    "total_return_%": 155.91387174700785,
    "max_drawdown_%": 1.8642462455783733,
    "sharpe_ratio": 1.2090672233769242,
    "sortino_ratio": 1.4873000705878259,
    "calmar_ratio": 8.889934496099633,
    "total_trades": 27,
    "win_rate_%": 77.77777777777779,
    "profit_factor": 20.431669145059796
  }
}