{
  "in_sample": {
    "total_return_%": 228.21469705095413,
    "max_drawdown_%": 18.32962693398414,
    "sharpe_ratio": 0.9759913758367638,
    "sortino_ratio": 0.14402324064412925,
    "calmar_ratio": 0.4849256572365186,
    "total_trades": 55,
    "win_rate_%": 80.0,
    "profit_factor": 11.585292588415346
  },
  "out_of_sample": {
    "total_return_%": 148.43138853382683,
    "max_drawdown_%": 1.990477468068479,
    "sharpe_ratio": 1.1291676732762643,
    "sortino_ratio": 1.390598125111197,
    "calmar_ratio": 8.06753765539078,
    "total_trades": 25,
    "win_rate_%": 76.0,
    "profit_factor": 18.65332386103167
  }
}