{
  "in_sample": {
    "total_return_%": 229.5793292729206,
    "max_drawdown_%": 18.11373465424136,
    "sharpe_ratio": 0.9829922598374622,
    "sortino_ratio": 0.13930500241522947,
    "calmar_ratio": 0.4889714647133485,
    "total_trades": 55,
    "win_rate_%": 81.81818181818183,
    "profit_factor": 11.645677805223395
  },
  "out_of_sample": {
    "total_return_%": 149.85317215507564,
    "max_drawdown_%": 1.990477468068479,
    "sharpe_ratio": 1.1240791816700542,
    "sortino_ratio": 1.4449596510691713,
    "calmar_ratio": 8.07500957725265,
    "total_trades": 26,
    "win_rate_%": 73.07692307692307,
    "profit_factor": 18.189082027358932
  }
}