{
  "in_sample": {
    "total_return_%": 231.67167419354436,
    "max_drawdown_%": 17.88567490388916,
    "sharpe_ratio": 0.883743986074586,
    "sortino_ratio": 0.14446352363815718,
    "calmar_ratio": 0.5066448144498713,
    "total_trades": 55,
    "win_rate_%": 81.81818181818183,
    "profit_factor": 11.738264437456825
  },
  "out_of_sample": {
    "total_return_%": 147.16244479177715,
    "max_drawdown_%": 1.990477468068479,
    "sharpe_ratio": 1.1254907835396288,
    "sortino_ratio": 1.3859924225380744,
    "calmar_ratio": 8.033783661784632,
    "total_trades": 25,
    "win_rate_%": 76.0,
    "profit_factor": 18.507323260672806
  }
}