{
  "in_sample": {
    "total_return_%": 134.96564798579467,
    "max_drawdown_%": 2.3573060294692536,
    "sharpe_ratio": 1.297843584229572,
    "sortino_ratio": 0.8457652245765156,
    "calmar_ratio": 5.455936534844004,
    "total_trades": 28,
    "win_rate_%": 89.28571428571429,
    "profit_factor": 24.40384462783874
  },
  "out_of_sample": {
    "total_return_%": 70.25156750604222,
    "max_drawdown_%": 1.9013892729705353,
    "sharpe_ratio": 1.473381258670295,
    "sortino_ratio": 5.71437320001538,
    "calmar_ratio": 9.870790106071807,
    "total_trades": 12,
    "win_rate_%": 75.0,
    "profit_factor": 20.762406341778497
  }
}