{
  "in_sample": {
    "total_return_%": 230.90539454751794,
    "max_drawdown_%": 17.88567490388916,
    "sharpe_ratio": 0.996456054432828,
    "sortino_ratio": 0.1416984744844734,
    "calmar_ratio": 0.49691099727484084,
    "total_trades": 56,
    "win_rate_%": 82.14285714285714,
    "profit_factor": 11.713206463118496
  },
  "out_of_sample": {
    "total_return_%": 149.85317215507564,
    "max_drawdown_%": 1.990477468068479,
    "sharpe_ratio": 1.124450252354158,
    "sortino_ratio": 1.4459096574143846,
    "calmar_ratio": 8.080318590781417,
    "total_trades": 26,
    "win_rate_%": 73.07692307692307,
    "profit_factor": 18.189082027358932
  }
}