{
  "in_sample": {
    "total_return_%": 231.67659450719134,
    "max_drawdown_%": 17.853842676272524,
    "sharpe_ratio": 0.8634315672022432,
    "sortino_ratio": 0.14390288405544568,
    "calmar_ratio": 0.5108000548775867,
    "total_trades": 53,
    "win_rate_%": 81.13207547169812,
    "profit_factor": 11.609589645439732
  },
  "out_of_sample": {
    "total_return_%": 158.7122089006525,
    "max_drawdown_%": 1.8642462455783733,
    "sharpe_ratio": 1.220079197438969,
    "sortino_ratio": 1.5143896068003833,
    "calmar_ratio": 8.996063549734716,
    "total_trades": 27,
    "win_rate_%": 77.77777777777779,
    "profit_factor": 20.768753371834983
  }
}