{
  "in_sample": {
    "total_return_%": 237.82274739208958,
    "max_drawdown_%": 18.11373465424136,
    "sharpe_ratio": 0.998731683888401,
    "sortino_ratio": 0.141462752102656,
    "calmar_ratio": 0.49751391764719827,
    "total_trades": 56,
    "win_rate_%": 82.14285714285714,
    "profit_factor": 12.232173317491542
  },
  "out_of_sample": {
    "total_return_%": 144.65340981670903,
    "max_drawdown_%": 3.271355765095412,
    "sharpe_ratio": 1.095615317342192,
    "sortino_ratio": 0.9830814019535641,
    "calmar_ratio": 4.795964669076582,
    "total_trades": 26,
    "win_rate_%": 73.07692307692307,
    "profit_factor": 11.806892761893446
  }
}