{
  "in_sample": {
    "total_return_%": 230.09586469211928,
    "max_drawdown_%": 18.024211619885133,
    "sharpe_ratio": 0.9882474687080426,
    "sortino_ratio": 0.14029487657786974,
    "calmar_ratio": 0.49226656218870163,
    "total_trades": 55,
    "win_rate_%": 81.81818181818183,
    "profit_factor": 11.66853458874006
  },
  "out_of_sample": {
    "total_return_%": 149.85317215507564,
    "max_drawdown_%": 1.990477468068479,
    "sharpe_ratio": 1.124450252354158,
    "sortino_ratio": 1.4459096574143846,
    "calmar_ratio": 8.080318590781417,
    "total_trades": 26,
    "win_rate_%": 73.07692307692307,
    "profit_factor": 18.189082027358932
  }
}