{
  "in_sample": {
    "total_return_%": 238.31426249721287,
    "max_drawdown_%": 18.11373465424136,
    "sharpe_ratio": 1.0004604882929033,
    "sortino_ratio": 0.14214389472344124,
    "calmar_ratio": 0.4989361989730137,
    "total_trades": 56,
    "win_rate_%": 82.14285714285714,
    "profit_factor": 12.041050178255059
  },
  "out_of_sample": {
    "total_return_%": 145.0071514509581,
    "max_drawdown_%": 3.266585571583792,
    "sharpe_ratio": 1.0976029227798036,
    "sortino_ratio": 0.9869312952099534,
    "calmar_ratio": 4.816843283691296,
    "total_trades": 26,
    "win_rate_%": 73.07692307692307,
    "profit_factor": 11.832403345279054
  }
}