{
  "in_sample": {
    "total_return_%": 229.5793292729206,
    "max_drawdown_%": 18.11373465424136,
    "sharpe_ratio": 0.9831312309293261,
    "sortino_ratio": 0.1393442543178542,
    "calmar_ratio": 0.48910924196460603,
    "total_trades": 55,
    "win_rate_%": 81.81818181818183,
    "profit_factor": 11.645677805223395
  },
  "out_of_sample": {
    "total_return_%": 149.85317215507564,
    "max_drawdown_%": 1.990477468068479,
    "sharpe_ratio": 1.124450252354158,
    "sortino_ratio": 1.4459096574143846,
    "calmar_ratio": 8.080318590781417,
    "total_trades": 26,
    "win_rate_%": 73.07692307692307,
    "profit_factor": 18.189082027358932
  }
}