{
  "in_sample": {
    "total_return_%": 232.292320634137,
    "max_drawdown_%": 6.495110473267649,
    "sharpe_ratio": 1.1581202183887607,
    "sortino_ratio": 0.29167277785522777,
    "calmar_ratio": 1.3758159145405773,
    "total_trades": 50,
    "win_rate_%": 82.0,
    "profit_factor": 22.906800617152566
  },
  "out_of_sample": {
    "total_return_%": 158.70744427993193,
    "max_drawdown_%": 1.8642462455783733,
    "sharpe_ratio": 1.2214867639376583,
    "sortino_ratio": 1.5312355787177154,
    "calmar_ratio": 9.026414923616848,
    "total_trades": 27,
    "win_rate_%": 77.77777777777779,
    "profit_factor": 20.49700374237742
  }
}