{
  "in_sample": {
    "total_return_%": 138.08037261344887,
    "max_drawdown_%": 2.3584737343516884,
    "sharpe_ratio": 1.311909352225925,
    "sortino_ratio": 0.8590078730392484,
    "calmar_ratio": 5.546041726131808,
    "total_trades": 28,
    "win_rate_%": 89.28571428571429,
    "profit_factor": 24.9224388383637
  },
  "out_of_sample": {
    "total_return_%": 69.48242244566747,
    "max_drawdown_%": 1.9013892729705353,
    "sharpe_ratio": 1.463140772620747,
    "sortino_ratio": 5.675029242567893,
    "calmar_ratio": 9.802828856025112,
    "total_trades": 12,
    "win_rate_%": 75.0,
    "profit_factor": 20.553186393184365
  }
}