{
  "in_sample": {
    "total_return_%": 232.50118650945507,
    "max_drawdown_%": 18.03533920694792,
    "sharpe_ratio": 0.8680091229421274,
    "sortino_ratio": 0.1497361183084709,
    "calmar_ratio": 0.5052257664072309,
    "total_trades": 54,
    "win_rate_%": 79.62962962962963,
    "profit_factor": 11.76612046860405
  },
  "out_of_sample": {
    "total_return_%": 146.1861462414575,
    "max_drawdown_%": 1.990477468068479,
    "sharpe_ratio": 1.1216896903451066,
    "sortino_ratio": 1.4334869105754653,
    "calmar_ratio": 8.01110211563606,
    "total_trades": 26,
    "win_rate_%": 73.07692307692307,
    "profit_factor": 17.252216759372125
  }
}