{
  "in_sample": {
    "total_return_%": 232.65632441927568,
    "max_drawdown_%": 18.03533920694792,
    "sharpe_ratio": 0.8687384496904655,
    "sortino_ratio": 0.14987137410574905,
    "calmar_ratio": 0.5056864841715156,
    "total_trades": 54,
    "win_rate_%": 79.62962962962963,
    "profit_factor": 11.772985348510057
  },
  "out_of_sample": {
    "total_return_%": 146.21133291463582,
    "max_drawdown_%": 1.9900900347266837,
    "sharpe_ratio": 1.1223723349156074,
    "sortino_ratio": 1.4348382519864307,
    "calmar_ratio": 8.018682590273317,
    "total_trades": 26,
    "win_rate_%": 73.07692307692307,
    "profit_factor": 17.254920700796788
  }
}