{
  "in_sample": {
    "total_return_%": 230.03138098448477,
    "max_drawdown_%": 18.03533920694792,
    "sharpe_ratio": 0.9882819254440288,
    "sortino_ratio": 0.14602091495682826,
    "calmar_ratio": 0.4926039046711275,
    "total_trades": 56,
    "win_rate_%": 80.35714285714286,
    "profit_factor": 11.674531208608617
  },
  "out_of_sample": {
    "total_return_%": 148.95636477627022,
    "max_drawdown_%": 1.990477468068479,
    "sharpe_ratio": 1.1297105496353164,
    "sortino_ratio": 1.383623287141623,
    "calmar_ratio": 8.058641484629007,
    "total_trades": 25,
    "win_rate_%": 76.0,
    "profit_factor": 18.756836510328785
  }
}