{
  "in_sample": {
    "total_return_%": 232.3010464563624,
    "max_drawdown_%": 6.09224470321667,
    "sharpe_ratio": 1.1647678406986866,
    "sortino_ratio": 0.27272180666991214,
    "calmar_ratio": 1.4619423680515622,
    "total_trades": 50,
    "win_rate_%": 84.0,
    "profit_factor": 24.6277910370308
  },
  "out_of_sample": {
    "total_return_%": 159.1687708123236,
    "max_drawdown_%": 1.8642462455783733,
    "sharpe_ratio": 1.222150876943841,
    "sortino_ratio": 1.517926623784604,
    "calmar_ratio": 9.018348533325703,
    "total_trades": 27,
    "win_rate_%": 77.77777777777779,
    "profit_factor": 20.823750254097796
  }
}