{
  "in_sample": {
    "total_return_%": 238.31426249721287,
    "max_drawdown_%": 18.11373465424136,
    "sharpe_ratio": 1.0007432294644052,
    "sortino_ratio": 0.14222395323919648,
    "calmar_ratio": 0.4992172106311229,
    "total_trades": 56,
    "win_rate_%": 82.14285714285714,
    "profit_factor": 12.041050178255059
  },
  "out_of_sample": {
    "total_return_%": 149.85317215507564,
    "max_drawdown_%": 1.990477468068479,
    "sharpe_ratio": 1.123708478107104,
    "sortino_ratio": 1.4440108922700452,
    "calmar_ratio": 8.0697075355079,
    "total_trades": 26,
    "win_rate_%": 73.07692307692307,
    "profit_factor": 18.189082027358932
  }
}