{
  "in_sample": {
    "total_return_%": 231.84323495404593,
    "max_drawdown_%": 17.57550339610868,
    "sharpe_ratio": 0.8657492387375962,
    "sortino_ratio": 0.1432462682162505,
    "calmar_ratio": 0.5192608939830137,
    "total_trades": 52,
    "win_rate_%": 80.76923076923077,
    "profit_factor": 12.039600207045236
  },
  "out_of_sample": {
    "total_return_%": 158.2292845880295,
    "max_drawdown_%": 1.8642462455783733,
    "sharpe_ratio": 1.217862887557226,
    "sortino_ratio": 1.5115531538038265,
    "calmar_ratio": 8.979213915203236,
    "total_trades": 27,
    "win_rate_%": 77.77777777777779,
    "profit_factor": 20.710580907412872
  }
}