{
  "in_sample": {
    "total_return_%": 231.84323495404593,
    "max_drawdown_%": 17.57550339610868,
    "sharpe_ratio": 0.8656255721407217,
    "sortino_ratio": 0.14320545731362477,
    "calmar_ratio": 0.5191129564063803,
    "total_trades": 52,
    "win_rate_%": 80.76923076923077,
    "profit_factor": 12.039600207045236
  },
  "out_of_sample": {
    "total_return_%": 155.0494366918021,
    "max_drawdown_%": 1.8642462455783733,
    "sharpe_ratio": 1.2055241887627486,
    "sortino_ratio": 1.48323556338108,
    "calmar_ratio": 8.865256160633768,
    "total_trades": 27,
    "win_rate_%": 77.77777777777779,
    "profit_factor": 20.32754036922524
  }
}