{
  "in_sample": {
    "total_return_%": 232.31493494488635,
    "max_drawdown_%": 6.09224470321667,
    "sharpe_ratio": 1.1606263636195293,
    "sortino_ratio": 0.2731240018921551,
    "calmar_ratio": 1.4640713517291968,
    "total_trades": 49,
    "win_rate_%": 83.6734693877551,
    "profit_factor": 24.6096425231591
  },
  "out_of_sample": {
    "total_return_%": 158.13104767440825,
    "max_drawdown_%": 1.8642462455783733,
    "sharpe_ratio": 1.218746847256082,
    "sortino_ratio": 1.5137644518970157,
    "calmar_ratio": 8.993620120140427,
    "total_trades": 27,
    "win_rate_%": 77.77777777777779,
    "profit_factor": 20.698747410500008
  }
}