{
  "in_sample": {
    "total_return_%": 232.62446312969013,
    "max_drawdown_%": 6.09224470321667,
    "sharpe_ratio": 1.165599200135712,
    "sortino_ratio": 0.2730149601196617,
    "calmar_ratio": 1.463527928664066,
    "total_trades": 50,
    "win_rate_%": 84.0,
    "profit_factor": 24.659328752971522
  },
  "out_of_sample": {
    "total_return_%": 158.56668292691455,
    "max_drawdown_%": 1.8642462455783733,
    "sharpe_ratio": 1.2193448039019008,
    "sortino_ratio": 1.5144012787417185,
    "calmar_ratio": 8.997403653778294,
    "total_trades": 27,
    "win_rate_%": 77.77777777777779,
    "profit_factor": 20.751223493325067
  }
}