{
  "in_sample": {
    "total_return_%": 236.46620892903215,
    "max_drawdown_%": 18.32962693398414,
    "sharpe_ratio": 0.9881856049080593,
    "sortino_ratio": 0.14561624989138827,
    "calmar_ratio": 0.4902958064455257,
    "total_trades": 56,
    "win_rate_%": 80.35714285714286,
    "profit_factor": 11.95927348150766
  },
  "out_of_sample": {
    "total_return_%": 144.65340981670903,
    "max_drawdown_%": 3.271355765095412,
    "sharpe_ratio": 1.095615317342192,
    "sortino_ratio": 0.9830814019535641,
    "calmar_ratio": 4.795964669076582,
    "total_trades": 26,
    "win_rate_%": 73.07692307692307,
    "profit_factor": 11.806892761893446
  }
}