{
  "in_sample": {
    "total_return_%": 238.31426249721287,
    "max_drawdown_%": 18.11373465424136,
    "sharpe_ratio": 1.0001779866359892,
    "sortino_ratio": 0.1420639262875912,
    "calmar_ratio": 0.49865550350242405,
    "total_trades": 56,
    "win_rate_%": 82.14285714285714,
    "profit_factor": 12.041050178255059
  },
  "out_of_sample": {
    "total_return_%": 144.65340981670903,
    "max_drawdown_%": 3.271355765095412,
    "sharpe_ratio": 1.096336946540774,
    "sortino_ratio": 0.9843715350269938,
    "calmar_ratio": 4.8022585859651326,
    "total_trades": 26,
    "win_rate_%": 73.07692307692307,
    "profit_factor": 11.806892761893446
  }
}