{
  "in_sample_metrics": {
    "total_return_%": 138.03031688883132,
    "max_drawdown_%": 2.3548682630923112,
    "sharpe_ratio": 1.3146953790794733,
    "sortino_ratio": 0.8600767128426038,
    "calmar_ratio": 5.552217942080457,
    "total_trades": 28,
    "win_rate_%": 89.28571428571429,
    "profit_factor": 24.914104679780362
  },
  "out_of_sample_metrics": {
    "total_return_%": 68.88033456025842,
    "max_drawdown_%": 1.9013892729705353,
    "sharpe_ratio": 1.454879297630725,
    "sortino_ratio": 5.645806792615342,
    "calmar_ratio": 9.752351111612821,
    "total_trades": 12,
    "win_rate_%": 75.0,
    "profit_factor": 20.389408709462305
  }
}